success,spl,distance
1.0,0.9817498089265729,16.84478
1.0,0.9635095470230367,21.069202
1.0,0.9948028224298668,11.007451
1.0,0.9444356653713818,15.049436
1.0,0.9882940231725857,27.061972
