success,spl,distance
0.0,0.0,16.379427
0.0,0.0,12.8062725
0.0,0.0,19.324326
0.0,0.0,15.372223
0.0,0.0,12.74572
0.0,0.0,11.395428
0.0,0.0,16.942266
0.0,0.0,12.534321
0.0,0.0,26.219057
0.0,0.0,22.517204
0.0,0.0,12.270956
